"","X","vpdphy","mpdphy","V3","vpdfunc","mpdfunc","V3.1","riq","lat","lon","HYBAS_ID"
"1",6070007350,16362.2891990892,314.186449864865,1.91150374714974,0.172315171175388,3.14288255417709,0.369596134386129,38,-0.60161347,-48.65026871,6050007250
"2",6070007360,35325.7721698919,338.087828177684,1.04613688458925,0.166196873257291,3.2167800167602,0.868464626632048,62,-0.91495289,-48.70895371,6050007250
"3",6070007390,31439.9551245021,326.518154767123,1.33793159754726,0.150581969208566,3.19721287683093,0.661154146041512,74,-0.997334659,-48.94484484,6050007250
"4",6070007430,14837.0618334213,293.766049112051,0.682199064779213,0.15908874456064,3.21535167592594,1.04653625429951,44,-1.270397741,-49.26804037,6050007250
"5",6070007440,16149.9436856612,303.382932587121,-0.371185808241136,0.193731204183184,3.12935457904561,-0.144780605427682,33,-1.55536459,-49.82412198,6050007250
"6",6070007670,7974.74713528595,211.431621298701,-0.0976585385817991,0.267281022797098,3.07202820503511,-0.950059771798263,22,-2.587620954,-50.13044155,6050007660
"7",6070007900,37109.9716036734,365.952277680241,2.53758479237757,0.140360614916982,3.24001723203117,1.49185096327461,52,-2.36825874,-49.55686638,6050007660
"8",6070007960,17125.4636808498,315.965394954023,0.28023932701449,0.14882606857585,3.18232406843153,0.582074627087183,30,-1.944181697,-49.150453,6050007960
"9",6070008010,18610.7521070619,281.896924393103,0.112505925364385,0.319392302838403,3.07774097350074,-0.336997283247637,30,-1.97345272,-49.01562681,6050007960
"10",6070008020,23808.4395156767,314.11155440123,1.0164092741099,0.153811644934809,3.19817440084216,1.34748048180533,87,-1.586473353,-48.68367379,6050007960
"11",6070008140,28404.2739285389,325.661386993105,2.18541088953811,0.144732222565232,3.2014342650871,0.980170000901543,148,-1.564400487,-48.03872964,6050007960
"12",6070008150,28589.2055264223,339.571050496134,2.47182439246416,0.138133115666227,3.19351889732537,1.79416765575759,97,-1.110472271,-48.24451881,6050007960
"13",6070243880,15560.9740609441,281.633724232288,-0.90269528597723,0.186747515308175,3.08843440433422,-0.426901324602528,42,-1.882384687,-48.60954412,6050007960
"14",6070243890,14710.1972838304,273.360509081903,-1.18766581577638,0.185994024477585,3.13014948958397,-0.526347171049302,94,-2.574100496,-48.45905277,6050007960
"15",6070243980,14712.8974884275,272.641044316513,-1.12739987525994,0.170831359593518,3.13677768504594,0.57071698884134,138,-1.915220344,-47.26024067,6050007960
"16",6070244100,17026.6943004005,291.483671663082,-0.199213634137519,0.17627499039489,3.14832461930238,0.723252663808597,63,-2.185094404,-47.75655258,6050007960
"17",6070246810,16484.5085810547,300.5724652933,0.907855291518049,0.151179598622033,3.17480413862528,1.75489820093728,113,-1.799182215,-51.67533708,6050007650
"18",6070246900,19515.1692783816,306.041216869674,-0.5436706922761,0.222859318663573,3.12598284535629,-0.106647428875184,57,-1.943931236,-51.44177415,6050007650
"19",6070250270,17125.9041820304,318.459359040816,0.432094424051632,0.166274051076415,3.153300800453,-0.166670293577746,50,-2.42902456,-50.7183276,6050007650
"20",6070253240,20940.9018783738,317.959741428571,-0.945574656958993,0.214211351219131,3.06122663499016,-0.588613332610571,29,-2.278167777,-51.72143312,6050007650
"21",6070258770,22189.7545785957,288.23431541785,-1.47145025718634,0.155012834249786,3.18306283621839,1.59560050769372,287,-3.347997445,-49.73339676,6050007950
"22",6070264790,27112.2362926208,273.013070865946,0.134326769921319,0.205846105680391,3.02019667038547,-1.17716239146816,75,-2.979955194,-47.82507193,6050007960
"23",6070271360,14121.3562775412,263.668586824068,-2.11760789630409,0.195944804771056,3.1340712602521,-1.63049916887432,94,-3.608262883,-51.18466022,6050007650
"24",6070271680,10966.1081442198,242.997201166667,-0.071556334531759,0.206069542688827,3.07818180747268,-0.275045052941222,25,-3.034860072,-50.2058256,6050007650
"25",6070279510,13662.7553645381,270.360854916129,0.788562256165737,0.115425538911181,3.2119588961782,1.23831981372333,31,-3.506550029,-49.20000468,6050007960
"26",6070281220,11937.0330321279,259.11636434,-0.994811414180536,0.249332492080243,3.14111392120204,-1.25647700502962,25,-3.480581781,-48.62605005,6050007960
"27",6070281230,21969.4265848392,271.865007471861,-2.01354846100494,0.297536651024174,2.92129102904109,-2.94290226265515,22,-3.42486641,-47.90970957,6050007960
"28",6070288960,15695.4996164865,266.53688812588,-2.15117998293325,0.207700497488345,3.13393294828201,-1.31639841523846,70,-4.435406181,-50.71345898,6050007650
"29",6070288970,17883.971318836,289.907152442396,-1.9952591463222,0.176755956296579,3.15846066191939,-0.532755184410434,63,-4.232122032,-50.38371705,6050007650
"30",6070295870,8056.23845739087,212.592187750538,-1.52776641233941,0.220314383740279,2.95363371642678,-2.04927927127935,31,-4.478212468,-48.41107572,6050007960
"31",6070295880,16377.6884396939,274.787540804078,-0.80785835552174,0.165393899002266,3.02209776181357,-0.183532461413768,48,-3.922015858,-48.17316912,6050007960
"32",6070299600,47333.5212274772,353.610388602564,0.830408686532072,0.155862584539559,3.2162749870034,1.19289285543026,40,-4.015181976,-49.45002463,6050007960
"33",6070299890,40489.5320514652,365.887314674877,1.21267421451976,0.202644270414338,3.19864289864649,0.195242888889383,29,-4.404314377,-49.9697938,6050007950
"34",6070299900,28542.9439445715,311.506304397619,-0.573863324099043,0.165962046726272,3.18621052811805,0.71708568141088,105,-4.447949098,-49.62198273,6050007950
"35",6070331250,16467.5710990403,284.608136547022,-1.89639647198219,0.163704117916306,3.1483457224017,0.271868825497517,88,-5.085213604,-49.98638275,6050007950
"36",6070331260,28876.7952254715,293.527337139003,0.194736498970367,0.179328943214144,3.1821061284156,0.274689972305646,155,-5.180140848,-49.35395341,6050007950
"37",6070339020,15269.6966633946,268.102786119231,-0.0904737851495997,0.318583027925736,3.08585037582241,-0.383749836346153,40,-5.227308383,-48.02128635,6050345000
"38",6070344380,14281.6710082545,246.538371760684,-2.32639375453056,0.348466652814259,3.0541369661538,-1.55077880478584,27,-5.42843193,-47.62280562,6050345000
"39",6070344540,21294.2635097038,274.245321079804,-0.362735514405803,0.185216261775346,3.17315723964501,-1.37038990139318,113,-5.283673552,-48.83075938,6050344540
"40",6070344660,47118.9011191686,341.667323561562,0.968911342652448,0.182932417291907,3.19484292866367,0.207505995961745,37,-5.381726799,-49.11240996,6050344660
"41",6070345000,17712.1886550642,275.267062173376,-0.789246828279418,0.235674391214913,3.12221837409831,-1.22443002365727,83,-5.13656418,-48.51142628,6050345000
"42",6070345180,16591.5277506643,271.098925071521,-1.83682716029792,0.21930497916084,3.12992187835237,-1.23846348700228,97,-5.529270734,-48.33970814,6050345180
"43",6070345840,8913.99448624598,229.267831673118,-1.2448338370104,0.189347432552482,3.16142090981266,-0.922454122791756,31,-5.526040665,-49.25967829,6050344660
"44",6070350740,15976.0136953864,275.268151112987,-0.798313296753617,0.182059081357106,3.13892209417496,-0.265621135559339,56,-5.441223846,-50.16105475,6050007950
"45",6070350740,15976.0136953864,275.268151112987,-0.798313296753617,0.182059081357106,3.13892209417496,-0.265621135559339,56,-5.441223846,-50.16105475,6050344660
"46",6070350910,18113.2717836976,281.432162962011,-1.28729912086211,0.197192045508516,3.12264008081718,-1.09987342585071,59,-5.689550965,-50.14253929,6050344660
"47",6070351360,18461.8462761521,278.336063583333,0.00820132792275628,0.214573159347438,3.11527189450648,-0.14664085613119,48,-5.648583918,-47.42306976,6050345000
"48",6070352310,16343.1522043245,292.682781230496,-0.840716595954452,0.202016465060607,3.16709031931917,-1.67589828477295,48,-5.866699705,-49.79190224,6050344660
"49",6070353500,17485.8787175578,285.159851900481,-2.34982798962623,0.228960292142435,3.11127680944016,-2.16266780564644,65,-5.603070991,-49.52559603,6050344660
"50",6070353510,14141.6347519939,266.42974526734,-1.85555022461019,0.175406094573621,3.16737293676952,0.523893864705307,68,-6.272826473,-49.39693847,6050344660
"51",6070354680,17868.1073967627,261.888428881609,0.150811988378486,0.159708081828441,3.17464896719815,1.21580790330508,155,-5.489060932,-50.62445927,6050344660
"52",6070354790,15221.892995928,278.546716057334,-0.448680166574504,0.160850888875279,3.19333604569487,0.153573894722997,92,-5.857890197,-50.40715409,6050344660
"53",6070356100,15287.5871847388,263.374069396396,-0.254360308312721,0.240524441994431,3.13432143030467,-1.46147049917697,37,-5.786964814,-47.64587599,6050345000
"54",6070356350,21308.8975665093,274.693241280159,-1.21545726489587,0.376052013577539,3.02442717381118,-2.36537423879853,36,-5.827472747,-48.36288758,6050345180
"55",6070361000,14877.0401108247,257.046905677311,-0.534823548386821,0.236438650626085,3.14113764984678,-0.930230418073806,85,-5.79649851,-50.75390336,6050344660
"56",6070363800,16916.8272079175,244.518070489442,-0.8481273737653,0.226304810430441,3.08265421606391,-0.824989052624809,52,-6.105879851,-50.79768541,6050344660
"57",6070363920,22988.9335288779,283.109739028107,-0.528046117629053,0.184464895184187,3.17932869996132,-0.298256532124373,169,-6.137646118,-48.27506398,6050345180
"58",6070365280,16624.3383832252,266.037155156863,-0.3450411312243,0.200142207717276,3.18076241708673,-1.11158641573028,34,-5.996117879,-50.10045162,6050344660
"59",6070365400,26279.3554169398,278.140048540443,1.15370054527579,0.194497860750865,3.13168751531009,1.11320279348346,71,-6.092428547,-49.87758376,6050344660
"60",6070367030,16878.3609346292,268.884923060577,-1.10124535981738,0.222792142909601,3.0889531049185,-1.41841211119554,65,-6.348546404,-47.50115829,6050345000
"61",6070368300,15127.607912256,272.292764341469,-1.6681027280381,0.183770943738401,3.17265811524337,-0.399254637351323,98,-6.624691723,-50.51191829,6050344660
"62",6070368450,15663.7549200637,263.77755746851,-1.59842949536836,0.2181190751093,3.11840465469365,-1.2626465546828,63,-6.514313951,-50.89124847,6050344660
"63",6070369020,26892.9681993484,280.284086252479,-0.905949248083351,0.207083119820437,3.13752903068419,-1.01806234398727,115,-6.032143286,-48.54232024,6050345180
"64",6070369270,29915.7731954613,300.247763062828,0.386179340627442,0.182560100396293,3.18271112246538,0.133823934084828,92,-6.248602398,-48.43253931,6050345180
"65",6070369550,13845.7317766454,244.541660149861,-1.4816873516777,0.268361944822947,3.05560668300729,-0.492304853749735,47,-6.161569965,-50.02664535,6050344660
"66",6070369560,15221.7940057025,256.034285589241,-0.543049829279336,0.216191738565475,3.06475886753653,-0.777391168189395,80,-6.341110015,-49.79951942,6050344660
"67",6070370850,12176.192357169,238.127070733605,-1.38837851713259,0.177071751594042,3.16091307983286,0.627692453192999,109,-6.433432274,-50.10970064,6050344660
"68",6070375350,23978.097275971,287.184752994035,0.223058302479266,0.154901861545013,3.21782953542963,-0.114665682806702,76,-6.642448465,-48.10738857,6050345180
"69",6070375520,22462.0497536231,288.825149143813,0.0363037424708566,0.193039289785201,3.1348121684116,-0.492782627984873,213,-6.408052939,-48.63747619,6050345180
"70",6070379950,13582.2166774984,264.496899690336,-1.20323071855655,0.195089781941132,3.16980432644949,-0.137760655082544,150,-6.702278988,-47.53857257,6050345000
"71",6070379960,30914.6502606488,264.883603275748,-0.311748991248376,0.214690889896657,3.15136303892314,-1.45959785395482,43,-6.623959389,-47.13064449,6050345000
"72",6070381100,4341.73868307143,182.759215662366,-2.20166105181948,0.280945533130231,3.0698946127436,-0.776286497497058,31,-6.893278393,-50.15198712,6050344660
"73",6070382740,19935.8017696303,301.608498274194,-1.20547882715332,0.294931160263453,3.10900037163318,-1.36141171155628,32,-7.076160453,-48.32056092,6050345180
"74",6070382840,21220.5998901937,274.988531853721,-1.69137606431837,0.169188545667414,3.1624527086119,-0.134894571357379,109,-6.834294967,-48.55624091,6050345180
"75",6070384890,15935.2077501845,270.523169683516,-0.532489482712389,0.190252730550628,3.12746115442281,0.376541523224562,91,-6.875491196,-49.22321916,6050345180
"76",6070384900,15889.6762514886,272.424549519831,-1.38500069611087,0.171645723374441,3.18503873302541,-0.157882309373753,62,-7.200885181,-48.67801277,6050345180
"77",6070390310,15349.7471532076,273.363482736134,-0.9149192595433,0.189609605328511,3.08363704779405,-0.672635171890936,35,-6.971993404,-46.88547813,6050345000
"78",6070390420,12915.8515470554,228.22526025746,-1.35083772775336,0.298313606476092,3.03695738128262,-1.76155558456272,69,-7.18426253,-47.69714294,6050345000
"79",6070408150,13289.1811024829,271.382394438503,-0.127952006074008,0.17569070101306,3.18587211243169,0.7059992651387,34,-7.723103194,-47.77687124,6050408150
"80",6070413730,11892.132445349,239.344652384615,-0.722439896812198,0.192489269336085,3.15954664014282,-0.164007180599364,13,-7.753592802,-49.19641385,6050411450
"81",6070422090,17887.2731144637,283.567037647186,-0.298841517747959,0.302587854558956,3.08809698870846,-1.22102550414489,22,-7.916483632,-47.99945113,6050408150
"82",6070429150,12304.0974650598,243.509507781889,-0.753826409055383,0.250254066522954,3.12263053019026,-0.743215044882416,79,-8.568901381,-48.24738975,6050408150
"83",6070430430,13393.0689598226,222.87114234879,-1.28515638994568,0.209909278944314,3.10713437023983,-0.821444303114734,32,-8.39951606,-49.34489698,6050411450
"84",6070451380,19903.4136142896,272.043334107871,0.203484365226066,0.224043406207351,3.15829297235826,-0.856978649611264,116,-9.278733292,-48.40235906,6050451380
"85",6070459050,27379.3282589725,287.137233986723,0.838550436354653,0.215355937563982,3.16151590060646,-0.208612728543163,122,-9.926349193,-49.44128992,6050459050
"86",6070459180,15798.0542509389,270.581241805314,-0.812271505682554,0.180423325860442,3.14281761372259,1.48176526242871,46,-9.212712102,-50.20829598,6050458930
"87",6070465340,15525.174928671,258.29935578396,-1.60560231782183,0.215913216217989,3.13705791817358,-0.651120544934651,101,-9.616980695,-50.15736272,6050458930
"88",6070467970,21624.0914338239,269.433084362219,-1.31384132686321,0.197702616625874,3.15595622744044,-0.423623504631081,197,-9.84883273,-48.39043816,6050451380
"89",6070474520,11658.6863050245,217.078424494624,-0.777080066424465,0.282041177861034,3.00261611387571,-0.531750446534581,31,-9.717825012,-50.87691756,6050458930
"90",6070480090,21301.8536971079,274.460041199134,0.430384975662413,0.513962537844043,2.96217643383312,-1.4150087462715,22,-10.84955954,-50.33897744,6050476800
"91",6070480100,16423.2488428332,279.229861882626,1.22111152497618,0.213323679985735,3.14627989544047,-0.97624294362063,100,-10.06787309,-49.95218177,6050476800
"92",6070483360,19812.3586948718,272.208800569697,-1.18153486085764,0.300331909222888,3.09264163653584,-1.78526786042702,45,-10.02551613,-48.66491397,6050451380
"93",6070483570,25301.1044348711,282.899070780822,0.843107782253481,0.227285036888347,3.14271681910668,-1.27975087849263,146,-10.23675197,-48.33963191,6050451380
"94",6070486490,13343.6591272059,212.446542667692,-1.39005466637455,0.457372579044948,3.03072935854388,-2.08384267176721,26,-10.24095725,-46.54555145,6050451390
"95",6070486650,18769.1707644219,222.434691933333,-2.33778111281567,0.429738315810776,2.86754073300541,-3.52081280055311,30,-10.50421297,-46.83318736,6050451390
"96",6070486950,17590.1259080682,239.313877282801,-2.27757571305455,0.321227688954109,2.98487300394775,-3.62557819689255,48,-10.43958136,-49.53050485,6050476800
"97",6070490160,16263.7002004242,236.550045493761,-1.99764462476542,0.344902304357768,2.92027590300464,-1.80365288705281,34,-10.26734517,-51.04353863,6050476790
"98",6070490170,13896.8428171309,240.863655657971,-1.60714134279299,0.245589438525862,3.12981584570982,-0.0752252320184448,46,-10.50983324,-50.57276732,6050476790
"99",6070491900,28547.2630675873,285.609963037253,0.2540455179513,0.210018958020995,3.14333265689744,-1.29947948107942,248,-10.61537344,-48.35717788,6050451380
"100",6070499420,16961.150064029,248.234270822774,-1.3379531194753,0.356256224357709,2.94365684605849,-2.32930709835507,70,-10.96801552,-51.50714104,6050476790
"101",6070500380,18601.5001630632,273.016105556818,-0.807871688646842,0.179676594956069,3.10915893004246,-0.177009928048979,33,-10.75644675,-47.27792911,6050451390
"102",6070502810,20891.6762096378,252.045945970443,-1.15154538960537,0.358730099337549,2.9061866379352,-2.85066665307325,29,-10.8475068,-49.33157255,6050476800
"103",6070503540,23734.2427809172,265.787982623122,-0.0462666464130133,0.228481025029612,3.13126892490945,-0.87464751606747,154,-10.98899315,-48.12937499,6050451380
"104",6070503590,26283.1724015088,279.904406464215,0.565814571755829,0.225061300454115,3.13671380692254,-2.24745566274608,180,-10.9382993,-48.55445073,6050451380
"105",6070509190,26009.7149304412,283.377013286523,0.791541522956734,0.231704644026616,3.12606244778182,-0.889728964158305,138,-11.13704827,-48.8571699,6050451380
"106",6070509200,30302.7927206996,277.99036022933,0.860268503725632,0.22702155322352,3.13538879881115,-0.66922914207797,180,-11.26768034,-48.17202784,6050451380
"107",6070516530,34428.4284446454,289.140462968633,0.555376161500442,0.250364733353811,3.16199809988878,-1.41659996472744,104,-11.80561825,-48.2892787,6050451380
"108",6070516540,43976.589040048,290.66960744186,0.578065750096853,0.238033596950182,3.14135301333124,0.0475487891445942,43,-11.54567966,-48.27082402,6050451380
"109",6070522510,18681.0132522433,268.054318495136,-1.22620476601568,0.304390830991949,3.09689600100542,-2.13232230067123,63,-11.8774124,-49.00155328,6050451380
"110",6070522650,25073.1176529082,254.574568499234,0.340228497125434,0.349410793889202,3.02941972958454,-3.89208286396051,89,-11.69816681,-48.58937613,6050451380
"111",6070523850,21233.9314541964,227.462053680672,-2.50987644687594,0.547481679825346,2.67740973920606,-4.86184064484957,35,-11.46455262,-47.78222973,6050451380
"112",6070526660,10863.9553434155,165.374525050403,-2.78612986461068,0.573694910245287,2.71635062723953,-4.23728080501008,32,-11.83420761,-47.7337322,6050451380
"113",6070527670,18523.285828494,252.194880737959,-0.862439792320666,0.246850593280503,3.09466685401766,-0.938093304069467,50,-12.14549146,-51.0089802,6050527670
"114",6070528770,31742.4370721303,282.256445659961,-0.0622494887578363,0.224747325948861,3.15965190760805,-1.10941290595033,154,-11.81368354,-48.64798953,6050451380
"115",6070528780,25422.926301862,275.316942159278,-0.144826041460289,0.233199406567975,3.13492556044116,-1.98602445974842,187,-12.33835047,-48.39509995,6050451380
"116",6070530330,15973.2453410807,234.815299724311,-1.94136052859499,0.309935755347393,2.94899505016681,-2.5258431632622,57,-12.16387086,-48.65266036,6050451380
"117",6070531260,15066.4380801628,205.15081574,-1.33156930133654,0.779560677115418,2.67364688499213,-4.24610312441524,25,-11.52973629,-47.31309032,6050451380
"118",6070533080,13057.5687092439,212.958153510549,-2.54603500869984,0.318193646146191,3.00492010190232,-2.82030217444869,79,-11.56276475,-46.95582707,6050451380
"119",6070535060,11386.0526393326,211.306292283871,-2.36291811650984,0.23873794145941,2.99378048001596,-1.40552421437715,31,-11.90587164,-46.43764869,6050546360
"120",6070540610,23798.1132938699,261.02442547614,-0.149170760590186,0.260111339718895,3.09948516557982,-1.61279658993273,76,-12.58509815,-48.749866,6050451380
"121",6070542620,15080.8038429415,238.615739087571,-1.46494210950105,0.280455537325506,3.02197771574135,-2.13747988008904,60,-12.6125663,-49.96365076,6050476800
"122",6070542660,10653.212955478,222.858830159274,-2.3078088879643,0.234489538085109,3.09363764946597,-2.22328253545654,32,-12.2471206,-46.94491431,6050546360
"123",6070542750,11555.9153155411,216.285519801777,-2.76163772177213,0.326967184426537,2.9559040989134,-2.80318235580144,93,-12.56140053,-46.56188064,6050546360
"124",6070543860,18130.5337519902,247.65892596715,-1.21213355324979,0.30418016693079,2.96183627893405,-0.895071493411805,46,-12.57570838,-51.45916358,6050506430
"125",6070543860,18130.5337519902,247.65892596715,-1.21213355324979,0.30418016693079,2.96183627893405,-0.895071493411805,46,-12.57570838,-51.45916358,6050527670
"126",6070543870,23064.0005164243,273.946124680582,-0.684187949608064,0.226687594757584,3.1460630258294,-1.86103010244039,112,-12.81005993,-51.05115504,6050527670
"127",6070545010,24299.4864027484,254.812847329588,0.565152916589221,0.311602893246412,3.06951673365457,-1.8128695885639,90,-12.36413776,-47.12315728,6050546360
"128",6070545100,17042.2868655712,223.631123464387,-2.07340172717149,0.420682356217871,2.91345721521509,-2.4669005889505,27,-12.71799771,-47.08155523,6050546360
"129",6070546240,26467.6553771508,266.146978009395,-0.849969620589598,0.241231639129617,3.12212587399644,-2.19759378022868,160,-12.97286342,-48.24808244,6050546240
"130",6070546360,33740.2706689233,290.627049664183,-0.642819986469732,0.220186283689338,3.15189173839059,-2.18263516141082,140,-12.53406678,-48.00519302,6050546360
"131",6070549710,31353.1404953887,276.70317383101,0.554589056002186,0.224923975898841,3.15941281408392,-0.918703828364204,42,-12.42737381,-47.57842101,6050546360
"132",6070550000,45884.0069883842,308.199005716393,-0.35622684674795,0.241639131799312,3.16168715007721,-2.04648260837307,61,-12.70000353,-47.84338193,6050546360
"133",6070550960,18802.262069032,268.353571517111,-0.915307509192864,0.191938220865644,3.1553542094931,-0.0141765123959766,196,-13.12998888,-50.4390204,6050550960
"134",6070551090,16742.7088119343,252.087346401515,-1.13306092366053,0.210815039251735,3.16235454839178,-0.992884924082625,33,-12.96506133,-50.70606125,6050551090
"135",6070554670,10546.3036700697,240.860519067949,-1.33677214495924,0.257394387803113,3.09453630305385,0.110410173237045,40,-13.17216064,-48.82917326,6050451380
"136",6070556550,22949.1740211023,267.615761706553,-0.0283039214398195,0.264660129639654,3.11147077055936,-1.56214916189731,27,-13.2435054,-50.8883146,6050551090
"137",6070563830,10802.1658437051,241.410431321429,-2.61602991978994,0.216253290465977,3.1448750953836,-2.8789296283799,105,-13.4077166,-48.09916028,6050546240
"138",6070564720,16845.601437401,251.093772480672,-1.43028104172796,0.268758795302947,2.95872892874458,-0.541212393905915,35,-13.09964214,-46.96673211,6050546360
"139",6070565970,20674.0254915565,287.942091193565,1.013584633325,0.183120254426703,3.15876508725368,-0.022569183187946,167,-13.76830586,-50.76835954,6050565970
"140",6070565980,22087.9328893874,289.550292142541,0.942194423922317,0.168486936090499,3.17961134907,-0.020303335668241,113,-13.45450384,-50.50796622,6050565980
"141",6070566960,10870.1725192376,239.115008748718,-1.01084243820585,0.311301260644865,2.97571302206615,-2.08530642051265,40,-13.65968416,-48.85487776,6050451380
"142",6070568610,4391.04361053663,198.845865590643,-2.27553260412264,0.264886899827864,2.96308281823342,-1.34802886224009,19,-13.68359219,-47.4010825,6050546360
"143",6070568620,13319.4138745069,232.698761346306,-2.37521102870144,0.306928849609546,3.01613221031258,-3.2899867198149,75,-13.58303158,-47.0800221,6050546360
"144",6070571010,18714.7759035182,308.194854043011,-0.109486008475748,0.202500016176622,3.06585184982349,0.381494316308802,31,-13.89093817,-51.39825624,6050551090
"145",6070571320,15563.8703196992,248.871271236723,-2.30714821704886,0.228238855073149,3.02781007181318,-0.868583038453922,60,-14.22160007,-50.33663293,6050565980
"146",6070571500,14111.4966579875,258.958604234773,-0.00206972419404898,0.200037764310802,3.16463630377529,-0.476664825497514,43,-13.9107987,-50.14747649,6050565980
"147",6070572180,25165.2178570929,275.312765684131,0.0895778312697914,0.240745325707349,3.147912272415,-2.05039367288864,86,-13.73582561,-51.58600447,6050527670
"148",6070572820,10944.064973618,239.963271274962,-1.73537695533157,0.284608017626509,3.05444416100147,-1.16162712544139,63,-13.390734,-46.52114324,6050546360
"149",6070572890,11530.4495373598,246.285205840244,-2.11701762292855,0.176457986912884,3.08706206720199,-0.689030883627004,74,-13.96247897,-46.79187063,6050546360
"150",6070573000,25543.0754164749,265.757022283267,-1.17392821037627,0.191623164881351,3.1517749922805,-0.402769444570107,151,-13.78682333,-48.29919199,6050546240
"151",6070573010,10464.7151115457,217.623464318776,-1.17816424927234,0.292020669899228,2.92928510320254,-2.82479539477747,50,-13.88634588,-47.80783778,6050546240
"152",6070578460,15098.011300826,257.478147586667,-0.0968701936140355,0.206786488593681,3.08093930498478,-0.635863103387063,25,-14.18641428,-51.75407218,6050527670
"153",6070579600,11537.9438223139,242.017300404214,-2.77774964620762,0.182088462374096,3.10951935862749,-0.709961188067173,122,-14.26265486,-48.79503841,6050546240
"154",6070579680,10327.276143394,237.001720607692,-1.5062869739198,0.194499825590518,3.09457182858273,-1.42243113663005,40,-14.1833485,-48.02180278,6050546240
"155",6070579750,11602.1311699825,232.998090182342,-2.10996466462611,0.248514585468817,3.04968100929565,-0.886191513487874,75,-14.50888342,-48.18984832,6050546240
"156",6070580010,13485.0865700993,264.549190616092,-0.745197158675828,0.147377188258107,3.14905977583955,0.78744932911415,30,-14.54340588,-49.81242235,6050565980
"157",6070583870,22018.0149234894,289.176776883181,1.10367596223841,0.166340965933284,3.17863103196524,1.08337124040634,192,-14.50997385,-51.07695536,6050565970
"158",6070584010,15494.4877044913,292.424741219577,-0.328372531299657,0.20311455130206,3.08404519057086,-0.241573368500512,28,-14.6319133,-51.31897316,6050551090
"159",6070584110,13537.5878312541,275.301718707692,-0.100104965731773,0.140264857872887,3.00298461332845,-0.315524089146315,26,-14.60774111,-51.47546426,6050551090
"160",6070586940,12807.4287093741,227.692682378367,-1.53215999882763,0.396930143503131,2.86998065683585,-2.86324752160931,50,-14.52430218,-46.43534908,6050546360
"161",6070587040,37686.1280020289,279.743785272913,-0.83796623472183,0.214581475345954,3.12548131373619,-1.04446664975339,63,-14.61364511,-46.95027287,6050546360
"162",6070588830,14691.8097241472,254.170256218085,-0.421625230973746,0.183036515506849,3.18321998695487,-0.838134641871815,48,-14.49940488,-50.8089835,6050565970
"163",6070588840,18849.4399495166,218.390097320261,-1.77930136673007,0.323228903858018,2.89632214913468,-1.7126838117702,18,-14.4961624,-50.51507525,6050565970
"164",6070590040,13725.4380904088,238.731993561772,-1.24540558385806,0.213471459683882,3.14128012646023,-1.98929040927741,66,-14.55490657,-51.9566915,6050527670
"165",6070590110,41987.9513373184,295.117016133598,0.216540141816263,0.240215376089339,3.15957327825697,-1.10308436237456,28,-14.8425506,-51.75619527,6050527670
"166",6070594380,13147.3724232836,245.216855684416,-1.71284028297408,0.2549398736475,3.05640746530052,-1.34213530489492,56,-15.03923146,-47.10716971,6050546360
"167",6070594780,24792.6642071561,272.399197243133,0.0499959100482211,0.182162413802391,3.11929862268543,1.01581392088262,59,-14.87055008,-49.19706281,6050594780
"168",6070594790,13683.3579625238,267.799566625589,-0.625958726707713,0.195051557049718,3.16226331793337,-0.479113568290483,55,-14.71212948,-48.73320885,6050594790
"169",6070595790,18129.947796419,263.969640671408,-1.32921041396718,0.213386385069412,3.07898249027656,-0.647816825660564,38,-14.87907198,-50.38288011,6050565970
"170",6070596160,10377.4388517839,227.364418390421,-0.654268133748586,0.238792719492803,3.16717446058306,-1.19354329182615,53,-14.36098145,-52.49489769,6050527670
"171",6070596300,19509.6262493544,248.62151361978,0.853900446997633,0.248776506983342,3.10275843765049,-0.984533789223319,105,-14.70428647,-52.57341115,6050527670
"172",6070596920,19736.5374153848,278.497326086771,-1.89607888464398,0.239330246649035,3.00308289365395,-1.1181730632589,38,-14.94360063,-50.9381209,6050565970
"173",6070598770,18896.8943247268,271.856567684211,0.0679929101758632,0.174627551095281,2.971065147413,-1.11178853677722,38,-15.33644352,-51.93567361,6050527670
"174",6070599670,15672.9461558698,258.060677651515,-1.07002948051179,0.263070754259753,2.98571658599,-1.92626732172125,33,-15.27644447,-53.15004965,6050527670
"175",6070600090,15379.998859038,264.050956563823,-0.387885578181253,0.307269409767508,3.01495907657286,-1.55913580512236,58,-14.8724025,-52.2686812,6050527670
"176",6070601510,10701.6134057099,233.570944647138,-1.0935021572392,0.24693807736876,3.061428544231,-0.537252435793573,55,-15.25085108,-48.90455512,6050594790
"177",6070602060,53495.8831687738,314.455881030242,0.196163030504977,0.290535084800315,3.10298967604337,-1.3400397515914,32,-15.1572378,-52.35922613,6050527670
"178",6070602170,12465.1597852524,246.162628474894,-1.38823708482818,0.227672268316499,3.17398813433144,-0.821478501081474,58,-15.1487134,-52.10716879,6050527670
"179",6070602430,13149.715278934,247.595385389266,0.197377042932912,0.161261215713328,3.18106233032328,1.76685847791978,60,-15.27195637,-50.49919398,6050565970
"180",6070603760,17844.3974849498,309.191359874359,0.517040866877234,0.0985298888931718,3.21215151716844,2.2208317094291,40,-15.26564186,-51.47294671,6050565970
"181",6070603770,31666.443825362,254.634195527665,0.806814561900697,0.203458085626857,3.10615057539448,-0.285977334116862,39,-15.11936182,-51.07588295,6050565970
"182",6070607830,13486.6070551008,238.897450701075,-1.45937094454859,0.347828991820285,2.90463173971819,-3.36966327353627,31,-15.05911978,-47.81934192,6050594790
"183",6070608070,23078.3250743275,252.9405466,-0.428982258428572,0.384610880200734,2.90306446164777,-2.51965281199267,26,-15.06653708,-48.33204824,6050594790
"184",6070608080,10318.3956600488,219.396029231863,-1.83948566739571,0.288548996086447,2.88553501445485,-2.57688639255464,38,-15.42497796,-47.88509477,6050594790
"185",6070608630,9996.45293892254,217.996031780488,-2.38669390598305,0.313279664626409,2.95115765619494,-2.69109232725462,42,-15.50329884,-49.16013862,6050594780
"186",6070608740,12383.8110902511,235.417622549923,-1.24812495920108,0.192406694917713,3.1548358376298,-0.672688367903373,63,-15.43279145,-50.86349516,6050565970
"187",6070609970,23716.527144771,246.660142181818,-1.31958259430647,0.942300575046613,2.11649722851917,-6.09807712530223,11,-15.01963074,-54.01595154,6050527670
"188",6070611000,14040.1137464104,251.719007101102,-0.821999102841497,0.263713582874485,3.05106828157994,-1.61522075714236,121,-15.60146818,-52.16370623,6050527670
"189",6070611100,14157.6522579372,242.660815665967,-1.48081686030245,0.303894516249614,3.01913086964362,-2.14009400056302,116,-15.48768905,-52.30683884,6050527670
"190",6070611620,18125.1864358144,252.103367684783,-1.16423559204828,0.684363218006626,2.92877577989599,-3.72729075918731,24,-15.37041604,-54.70289561,6050527670
"191",6070613630,10824.7301952237,235.027596930334,-1.32320568744882,0.255088087897387,3.08581735663434,-0.647723924481488,53,-15.82754094,-49.84570754,6050565970
"192",6070613630,10824.7301952237,235.027596930334,-1.32320568744882,0.255088087897387,3.08581735663434,-0.647723924481488,53,-15.82754094,-49.84570754,6050594780
"193",6070613640,11824.3584655584,240.61806500242,-2.26482304576212,0.248368577286023,3.01728768055182,-1.7881724400631,58,-15.85962801,-49.31775269,6050594780
"194",6070615450,12775.958035361,242.56815110678,-1.22405594698825,0.232210886108546,3.0865675759884,-1.1230327125627,60,-15.82874584,-51.44645878,6050565970
"195",6070619500,11346.1923973163,249.336052663043,-0.65182037696076,0.190706408223268,3.14968138814935,-0.237369718619283,24,-15.73861263,-51.84150465,6050565970
"196",6070620420,10376.9016424299,239.322518944249,-0.924820549427014,0.191389747017432,3.15492129118408,0.392420449797914,68,-15.53106641,-52.78225695,6050624770
"197",6070620660,11840.4884036578,243.292596876435,-1.29859866671328,0.184774051016128,3.16865266986008,0.00155289022076924,91,-15.7665349,-53.03689804,6050624770
"198",6070622560,12443.7397423502,239.933189052632,-1.99713513519874,0.226726004423885,3.10206893438445,-1.1085130381099,76,-15.94593922,-50.20761098,6050565970
"199",6070622980,19991.1714931166,256.789118231923,0.94484010492024,0.208916065487858,3.12894859228492,0.523247627585347,171,-15.92632771,-52.0684524,6050622980
"200",6070622980,19991.1714931166,256.789118231923,0.94484010492024,0.208916065487858,3.12894859228492,0.523247627585347,171,-15.92632771,-52.0684524,6050622990
"201",6070623070,48312.6100986681,287.379786731579,0.990980285085557,0.226900136609775,3.15907081629587,-0.662905258456597,20,-15.7827592,-53.50603355,6050624770
"202",6070623230,11501.3375664153,240.470224375,-0.808943252730839,0.206917975674392,3.17945840763297,0.340490204569782,24,-16.07916541,-53.52241233,6050624770
"203",6070624770,19915.8305326261,252.840863282011,0.800823265517167,0.206568700005526,3.12101962868159,1.15881815287932,182,-15.84554969,-52.53275817,6050624770
"204",6070624870,15448.2547482165,257.023221885714,-0.849749594016794,0.304359534525629,2.98242945321119,-1.13678972206298,71,-16.09470695,-52.33300889,6050624870
"205",6070626370,23666.9910620333,267.581770516036,0.106357190096802,0.16813255178246,3.17401558819215,0.396799153729246,75,-16.14508528,-51.07384388,6050565970
"206",6070628030,23075.4011328386,254.043195535211,-0.702158500655586,0.228309285889621,3.10650450424877,-0.576651005241631,71,-16.43337484,-51.88815388,6050622980
"207",6070628030,23075.4011328386,254.043195535211,-0.702158500655586,0.228309285889621,3.10650450424877,-0.576651005241631,71,-16.43337484,-51.88815388,6050622990
"208",6070629890,35317.5115803684,272.995110194536,-0.834511005807708,0.205001084574554,3.16619484404773,-1.03215996969373,61,-16.19169277,-53.00408546,6050624870
"209",6070637270,16117.6528004578,257.569526300483,-1.82397811993966,0.265166433291237,3.02905206520882,-2.15197667243627,46,-16.8401237,-51.64869643,6050622990
"210",6070653280,13931.023500729,244.959021426094,-1.2261782134342,0.298914949319384,3.05879159217017,-1.9953697158757,52,-17.56525324,-53.23254299,6050624870
